Center, E[Ts]_Diff, E[Ts]_CI, E[Ts]_Within, E[Tq]_Diff, E[Tq]_CI, E[Tq]_Within, E[s]_Diff, E[s]_CI, E[s]_Within, E[Ns]_Diff, E[Ns]_CI, E[Ns]_Within, E[Nq]_Diff, E[Nq]_CI, E[Nq]_Within, ρ_Diff, ρ_CI, ρ_Within, λ_Diff, λ_CI, λ_Within
DUMMY_MULTI_SERVER,0.003896509442055107,0.0075578620900663565,true,0.0019453758810900612,0.0045772479763246604,true,0.0011509721319771238,0.004271780928569506,true,0.0020753209507023973,0.004861838136363117,true,8.720136743332746E-4,0.0024240460843571597,true,4.0168981554150607E-4,0.0014795279241968402,true,1.3425491782426136E-4,0.0014588561861196554,true
DUMMY_SINGLE_SERVER,0.0011862175058083846,0.015849135054361984,true,0.001161625204198824,0.014163794105435131,true,2.2297146712735305E-4,0.00273400480303017,true,4.530723301602313E-4,0.009099148732931368,true,2.9493457045970395E-4,0.007633071378351944,true,1.5813775970047184E-4,0.0019122514197939472,true,1.2364152674859685E-4,0.0014609155564891097,true
