Center, E[Ts]_Diff, E[Ts]_CI, E[Ts]_Within, E[Tq]_Diff, E[Tq]_CI, E[Tq]_Within, E[s]_Diff, E[s]_CI, E[s]_Within, E[Ns]_Diff, E[Ns]_CI, E[Ns]_Within, E[Nq]_Diff, E[Nq]_CI, E[Nq]_Within, ρ_Diff, ρ_CI, ρ_Within, λ_Diff, λ_CI, λ_Within
DUMMY_MULTI_SERVER,0.009102773750477633,0.015666231294139302,true,0.005518746242311717,0.009395979706330165,true,0.0027679600515524427,0.008732549349548587,true,0.0017926155979897107,0.010022390452410978,true,0.002227122425788597,0.00501764767129733,true,4.200790633985263E-4,0.0028865370312325454,true,0.0015237675512284055,0.0029703967245630586,true
DUMMY_SINGLE_SERVER,0.013038465614680028,0.031005262809480554,true,0.012114289292317948,0.02693823445446546,true,6.727629455016704E-4,0.005742250121175347,true,0.0031473577279240716,0.01780667771526508,true,0.004221294779284457,0.014490434997678268,true,0.0010739370513603852,0.004214812539611438,true,0.0015254395136228283,0.002978682937703302,true
