Center, E[Ts]_Diff, E[Tq]_Diff, E[s]_Diff, E[Ns]_Diff, E[Nq]_Diff, ρ_Diff, λ_Diff
DUMMY_MULTI_SERVER,0.003896509442055107,0.0019453758810900612,0.0011509721319771238,0.0020753209507023973,8.720136743332746E-4,4.0168981554150607E-4,1.3425491782426136E-4
DUMMY_SINGLE_SERVER,0.0011862175058083846,0.001161625204198824,2.2297146712735305E-4,4.530723301602313E-4,2.9493457045970395E-4,1.5813775970047184E-4,1.2364152674859685E-4
